sound,Fold,Cateogry,Target
1 (1).wav,5,AK-47,1
1 (2).wav,5,AK-47,1
1 (3).wav,5,AK-47,1
1 (4).wav,5,AK-47,1
1 (5).wav,5,AK-47,1
1 (6).wav,5,AK-47,1
1 (7).wav,5,AK-47,1
1 (8).wav,5,AK-47,1
1 (9).wav,5,AK-47,1
1 (10).wav,5,AK-47,1
1 (11).wav,5,AK-47,1
1 (12).wav,5,AK-47,1
1 (13).wav,5,AK-47,1
1 (14).wav,5,AK-47,1
1 (15).wav,5,AK-47,1
1 (16).wav,5,AK-47,1
1 (17).wav,5,AK-47,1
1 (18).wav,5,AK-47,1
1 (19).wav,5,AK-47,1
1 (20).wav,5,AK-47,1
1 (21).wav,5,AK-47,1
1 (22).wav,5,AK-47,1
1 (23).wav,5,AK-47,1
1 (24).wav,5,AK-47,1
1 (25).wav,5,AK-47,1
1 (26).wav,5,AK-47,1
1 (27).wav,5,AK-47,1
1 (28).wav,5,AK-47,1
1 (29).wav,5,AK-47,1
1 (30).wav,5,AK-47,1
1 (31).wav,5,AK-47,1
1 (32).wav,5,AK-47,1
1 (33).wav,5,AK-47,1
1 (34).wav,5,AK-47,1
1 (35).wav,5,AK-47,1
1 (36).wav,5,AK-47,1
1 (37).wav,5,AK-47,1
1 (38).wav,5,AK-47,1
1 (39).wav,5,AK-47,1
1 (40).wav,5,AK-47,1
1 (41).wav,5,AK-47,1
1 (42).wav,5,AK-47,1
1 (43).wav,5,AK-47,1
1 (44).wav,5,AK-47,1
1 (45).wav,5,AK-47,1
1 (46).wav,5,AK-47,1
1 (47).wav,5,AK-47,1
1 (48).wav,5,AK-47,1
1 (49).wav,5,AK-47,1
1 (50).wav,5,AK-47,1
1 (51).wav,5,AK-47,1
1 (52).wav,5,AK-47,1
1 (53).wav,5,AK-47,1
1 (54).wav,5,AK-47,1
1 (55).wav,5,AK-47,1
1 (56).wav,5,AK-47,1
1 (57).wav,5,AK-47,1
1 (58).wav,5,AK-47,1
1 (59).wav,5,AK-47,1
1 (60).wav,5,AK-47,1
1 (61).wav,5,AK-47,1
1 (62).wav,5,AK-47,1
1 (63).wav,5,AK-47,1
1 (64).wav,5,AK-47,1
1 (65).wav,5,AK-47,1
1 (66).wav,5,AK-47,1
1 (67).wav,5,AK-47,1
1 (68).wav,5,AK-47,1
1 (69).wav,5,AK-47,1
1 (70).wav,5,AK-47,1
1 (71).wav,5,AK-47,1
1 (72).wav,5,AK-47,1
2 (1).wav,5,IMI Desert Eagle,2
2 (2).wav,5,IMI Desert Eagle,2
2 (3).wav,5,IMI Desert Eagle,2
2 (4).wav,5,IMI Desert Eagle,2
2 (5).wav,5,IMI Desert Eagle,2
2 (6).wav,5,IMI Desert Eagle,2
2 (7).wav,5,IMI Desert Eagle,2
2 (8).wav,5,IMI Desert Eagle,2
2 (9).wav,5,IMI Desert Eagle,2
2 (10).wav,5,IMI Desert Eagle,2
2 (11).wav,5,IMI Desert Eagle,2
2 (12).wav,5,IMI Desert Eagle,2
2 (13).wav,5,IMI Desert Eagle,2
2 (14).wav,5,IMI Desert Eagle,2
2 (15).wav,5,IMI Desert Eagle,2
2 (16).wav,5,IMI Desert Eagle,2
2 (17).wav,5,IMI Desert Eagle,2
2 (18).wav,5,IMI Desert Eagle,2
2 (19).wav,5,IMI Desert Eagle,2
2 (20).wav,5,IMI Desert Eagle,2
2 (21).wav,5,IMI Desert Eagle,2
2 (22).wav,5,IMI Desert Eagle,2
2 (23).wav,5,IMI Desert Eagle,2
2 (24).wav,5,IMI Desert Eagle,2
2 (25).wav,5,IMI Desert Eagle,2
2 (26).wav,5,IMI Desert Eagle,2
2 (27).wav,5,IMI Desert Eagle,2
2 (28).wav,5,IMI Desert Eagle,2
2 (29).wav,5,IMI Desert Eagle,2
2 (30).wav,5,IMI Desert Eagle,2
2 (31).wav,5,IMI Desert Eagle,2
2 (32).wav,5,IMI Desert Eagle,2
2 (33).wav,5,IMI Desert Eagle,2
2 (34).wav,5,IMI Desert Eagle,2
2 (35).wav,5,IMI Desert Eagle,2
2 (36).wav,5,IMI Desert Eagle,2
2 (37).wav,5,IMI Desert Eagle,2
2 (38).wav,5,IMI Desert Eagle,2
2 (39).wav,5,IMI Desert Eagle,2
2 (40).wav,5,IMI Desert Eagle,2
2 (41).wav,5,IMI Desert Eagle,2
2 (42).wav,5,IMI Desert Eagle,2
2 (43).wav,5,IMI Desert Eagle,2
2 (44).wav,5,IMI Desert Eagle,2
2 (45).wav,5,IMI Desert Eagle,2
2 (46).wav,5,IMI Desert Eagle,2
2 (47).wav,5,IMI Desert Eagle,2
2 (48).wav,5,IMI Desert Eagle,2
2 (49).wav,5,IMI Desert Eagle,2
2 (50).wav,5,IMI Desert Eagle,2
2 (51).wav,5,IMI Desert Eagle,2
2 (52).wav,5,IMI Desert Eagle,2
2 (53).wav,5,IMI Desert Eagle,2
2 (54).wav,5,IMI Desert Eagle,2
2 (55).wav,5,IMI Desert Eagle,2
2 (56).wav,5,IMI Desert Eagle,2
2 (57).wav,5,IMI Desert Eagle,2
2 (58).wav,5,IMI Desert Eagle,2
2 (59).wav,5,IMI Desert Eagle,2
2 (60).wav,5,IMI Desert Eagle,2
2 (61).wav,5,IMI Desert Eagle,2
2 (62).wav,5,IMI Desert Eagle,2
2 (63).wav,5,IMI Desert Eagle,2
2 (64).wav,5,IMI Desert Eagle,2
2 (65).wav,5,IMI Desert Eagle,2
2 (66).wav,5,IMI Desert Eagle,2
2 (67).wav,5,IMI Desert Eagle,2
2 (68).wav,5,IMI Desert Eagle,2
2 (69).wav,5,IMI Desert Eagle,2
2 (70).wav,5,IMI Desert Eagle,2
2 (71).wav,5,IMI Desert Eagle,2
2 (72).wav,5,IMI Desert Eagle,2
2 (73).wav,5,IMI Desert Eagle,2
2 (74).wav,5,IMI Desert Eagle,2
2 (75).wav,5,IMI Desert Eagle,2
2 (76).wav,5,IMI Desert Eagle,2
2 (77).wav,5,IMI Desert Eagle,2
2 (78).wav,5,IMI Desert Eagle,2
2 (79).wav,5,IMI Desert Eagle,2
2 (80).wav,5,IMI Desert Eagle,2
2 (81).wav,5,IMI Desert Eagle,2
2 (82).wav,5,IMI Desert Eagle,2
2 (83).wav,5,IMI Desert Eagle,2
2 (84).wav,5,IMI Desert Eagle,2
2 (85).wav,5,IMI Desert Eagle,2
2 (86).wav,5,IMI Desert Eagle,2
2 (87).wav,5,IMI Desert Eagle,2
2 (88).wav,5,IMI Desert Eagle,2
2 (89).wav,5,IMI Desert Eagle,2
2 (90).wav,5,IMI Desert Eagle,2
2 (91).wav,5,IMI Desert Eagle,2
2 (92).wav,5,IMI Desert Eagle,2
2 (93).wav,5,IMI Desert Eagle,2
2 (94).wav,5,IMI Desert Eagle,2
2 (95).wav,5,IMI Desert Eagle,2
2 (96).wav,5,IMI Desert Eagle,2
2 (97).wav,5,IMI Desert Eagle,2
2 (98).wav,5,IMI Desert Eagle,2
2 (99).wav,5,IMI Desert Eagle,2
2 (100).wav,5,IMI Desert Eagle,2
3 (1).wav,5,AK-12,3
3 (2).wav,5,AK-12,3
3 (3).wav,5,AK-12,3
3 (4).wav,5,AK-12,3
3 (5).wav,5,AK-12,3
3 (6).wav,5,AK-12,3
3 (7).wav,5,AK-12,3
3 (8).wav,5,AK-12,3
3 (9).wav,5,AK-12,3
3 (10).wav,5,AK-12,3
3 (11).wav,5,AK-12,3
3 (12).wav,5,AK-12,3
3 (13).wav,5,AK-12,3
3 (14).wav,5,AK-12,3
3 (15).wav,5,AK-12,3
3 (16).wav,5,AK-12,3
3 (17).wav,5,AK-12,3
3 (18).wav,5,AK-12,3
3 (19).wav,5,AK-12,3
3 (20).wav,5,AK-12,3
3 (21).wav,5,AK-12,3
3 (22).wav,5,AK-12,3
3 (23).wav,5,AK-12,3
3 (24).wav,5,AK-12,3
3 (25).wav,5,AK-12,3
3 (26).wav,5,AK-12,3
3 (27).wav,5,AK-12,3
3 (28).wav,5,AK-12,3
3 (29).wav,5,AK-12,3
3 (30).wav,5,AK-12,3
3 (31).wav,5,AK-12,3
3 (32).wav,5,AK-12,3
3 (33).wav,5,AK-12,3
3 (34).wav,5,AK-12,3
3 (35).wav,5,AK-12,3
3 (36).wav,5,AK-12,3
3 (37).wav,5,AK-12,3
3 (38).wav,5,AK-12,3
3 (39).wav,5,AK-12,3
3 (40).wav,5,AK-12,3
3 (41).wav,5,AK-12,3
3 (42).wav,5,AK-12,3
3 (43).wav,5,AK-12,3
3 (44).wav,5,AK-12,3
3 (45).wav,5,AK-12,3
3 (46).wav,5,AK-12,3
3 (47).wav,5,AK-12,3
3 (48).wav,5,AK-12,3
3 (49).wav,5,AK-12,3
3 (50).wav,5,AK-12,3
3 (51).wav,5,AK-12,3
3 (52).wav,5,AK-12,3
3 (53).wav,5,AK-12,3
3 (54).wav,5,AK-12,3
3 (55).wav,5,AK-12,3
3 (56).wav,5,AK-12,3
3 (57).wav,5,AK-12,3
3 (58).wav,5,AK-12,3
3 (59).wav,5,AK-12,3
3 (60).wav,5,AK-12,3
3 (61).wav,5,AK-12,3
3 (62).wav,5,AK-12,3
3 (63).wav,5,AK-12,3
3 (64).wav,5,AK-12,3
3 (65).wav,5,AK-12,3
3 (66).wav,5,AK-12,3
3 (67).wav,5,AK-12,3
3 (68).wav,5,AK-12,3
3 (69).wav,5,AK-12,3
3 (70).wav,5,AK-12,3
3 (71).wav,5,AK-12,3
3 (72).wav,5,AK-12,3
3 (73).wav,5,AK-12,3
3 (74).wav,5,AK-12,3
3 (75).wav,5,AK-12,3
3 (76).wav,5,AK-12,3
3 (77).wav,5,AK-12,3
3 (78).wav,5,AK-12,3
3 (79).wav,5,AK-12,3
3 (80).wav,5,AK-12,3
3 (81).wav,5,AK-12,3
3 (82).wav,5,AK-12,3
3 (83).wav,5,AK-12,3
3 (84).wav,5,AK-12,3
3 (85).wav,5,AK-12,3
3 (86).wav,5,AK-12,3
3 (87).wav,5,AK-12,3
3 (88).wav,5,AK-12,3
3 (89).wav,5,AK-12,3
3 (90).wav,5,AK-12,3
3 (91).wav,5,AK-12,3
3 (92).wav,5,AK-12,3
3 (93).wav,5,AK-12,3
3 (94).wav,5,AK-12,3
3 (95).wav,5,AK-12,3
3 (96).wav,5,AK-12,3
3 (97).wav,5,AK-12,3
3 (98).wav,5,AK-12,3
4 (1).wav,5,M4,4
4 (2).wav,5,M4,4
4 (3).wav,5,M4,4
4 (4).wav,5,M4,4
4 (5).wav,5,M4,4
4 (6).wav,5,M4,4
4 (7).wav,5,M4,4
4 (8).wav,5,M4,4
4 (9).wav,5,M4,4
4 (10).wav,5,M4,4
4 (11).wav,5,M4,4
4 (12).wav,5,M4,4
4 (13).wav,5,M4,4
4 (14).wav,5,M4,4
4 (15).wav,5,M4,4
4 (16).wav,5,M4,4
4 (17).wav,5,M4,4
4 (18).wav,5,M4,4
4 (19).wav,5,M4,4
4 (20).wav,5,M4,4
4 (21).wav,5,M4,4
4 (22).wav,5,M4,4
4 (23).wav,5,M4,4
4 (24).wav,5,M4,4
4 (25).wav,5,M4,4
4 (26).wav,5,M4,4
4 (27).wav,5,M4,4
4 (28).wav,5,M4,4
4 (29).wav,5,M4,4
4 (30).wav,5,M4,4
4 (31).wav,5,M4,4
4 (32).wav,5,M4,4
4 (33).wav,5,M4,4
4 (34).wav,5,M4,4
4 (35).wav,5,M4,4
4 (36).wav,5,M4,4
4 (37).wav,5,M4,4
4 (38).wav,5,M4,4
4 (39).wav,5,M4,4
4 (40).wav,5,M4,4
4 (41).wav,5,M4,4
4 (42).wav,5,M4,4
4 (43).wav,5,M4,4
4 (44).wav,5,M4,4
4 (45).wav,5,M4,4
4 (46).wav,5,M4,4
4 (47).wav,5,M4,4
4 (48).wav,5,M4,4
4 (49).wav,5,M4,4
4 (50).wav,5,M4,4
4 (51).wav,5,M4,4
4 (52).wav,5,M4,4
4 (53).wav,5,M4,4
4 (54).wav,5,M4,4
4 (55).wav,5,M4,4
4 (56).wav,5,M4,4
4 (57).wav,5,M4,4
4 (58).wav,5,M4,4
4 (59).wav,5,M4,4
4 (60).wav,5,M4,4
4 (61).wav,5,M4,4
4 (62).wav,5,M4,4
4 (63).wav,5,M4,4
4 (64).wav,5,M4,4
4 (65).wav,5,M4,4
4 (66).wav,5,M4,4
4 (67).wav,5,M4,4
4 (68).wav,5,M4,4
4 (69).wav,5,M4,4
4 (70).wav,5,M4,4
4 (71).wav,5,M4,4
4 (72).wav,5,M4,4
4 (73).wav,5,M4,4
4 (74).wav,5,M4,4
4 (75).wav,5,M4,4
4 (76).wav,5,M4,4
4 (77).wav,5,M4,4
4 (78).wav,5,M4,4
4 (79).wav,5,M4,4
4 (80).wav,5,M4,4
4 (81).wav,5,M4,4
4 (82).wav,5,M4,4
4 (83).wav,5,M4,4
4 (84).wav,5,M4,4
4 (85).wav,5,M4,4
4 (86).wav,5,M4,4
4 (87).wav,5,M4,4
4 (88).wav,5,M4,4
4 (89).wav,5,M4,4
4 (90).wav,5,M4,4
4 (91).wav,5,M4,4
4 (92).wav,5,M4,4
4 (93).wav,5,M4,4
4 (94).wav,5,M4,4
4 (95).wav,5,M4,4
4 (96).wav,5,M4,4
4 (97).wav,5,M4,4
4 (98).wav,5,M4,4
4 (99).wav,5,M4,4
4 (100).wav,5,M4,4
5 (1).wav,5,M16,5
5 (2).wav,5,M16,5
5 (3).wav,5,M16,5
5 (4).wav,5,M16,5
5 (5).wav,5,M16,5
5 (6).wav,5,M16,5
5 (7).wav,5,M16,5
5 (8).wav,5,M16,5
5 (9).wav,5,M16,5
5 (10).wav,5,M16,5
5 (11).wav,5,M16,5
5 (12).wav,5,M16,5
5 (13).wav,5,M16,5
5 (14).wav,5,M16,5
5 (15).wav,5,M16,5
5 (16).wav,5,M16,5
5 (17).wav,5,M16,5
5 (18).wav,5,M16,5
5 (19).wav,5,M16,5
5 (20).wav,5,M16,5
5 (21).wav,5,M16,5
5 (22).wav,5,M16,5
5 (23).wav,5,M16,5
5 (24).wav,5,M16,5
5 (25).wav,5,M16,5
5 (26).wav,5,M16,5
5 (27).wav,5,M16,5
5 (28).wav,5,M16,5
5 (29).wav,5,M16,5
5 (30).wav,5,M16,5
5 (31).wav,5,M16,5
5 (32).wav,5,M16,5
5 (33).wav,5,M16,5
5 (34).wav,5,M16,5
5 (35).wav,5,M16,5
5 (36).wav,5,M16,5
5 (37).wav,5,M16,5
5 (38).wav,5,M16,5
5 (39).wav,5,M16,5
5 (40).wav,5,M16,5
5 (41).wav,5,M16,5
5 (42).wav,5,M16,5
5 (43).wav,5,M16,5
5 (44).wav,5,M16,5
5 (45).wav,5,M16,5
5 (46).wav,5,M16,5
5 (47).wav,5,M16,5
5 (48).wav,5,M16,5
5 (49).wav,5,M16,5
5 (50).wav,5,M16,5
5 (51).wav,5,M16,5
5 (52).wav,5,M16,5
5 (53).wav,5,M16,5
5 (54).wav,5,M16,5
5 (55).wav,5,M16,5
5 (56).wav,5,M16,5
5 (57).wav,5,M16,5
5 (58).wav,5,M16,5
5 (59).wav,5,M16,5
5 (60).wav,5,M16,5
5 (61).wav,5,M16,5
5 (62).wav,5,M16,5
5 (63).wav,5,M16,5
5 (64).wav,5,M16,5
5 (65).wav,5,M16,5
5 (66).wav,5,M16,5
5 (67).wav,5,M16,5
5 (68).wav,5,M16,5
5 (69).wav,5,M16,5
5 (70).wav,5,M16,5
5 (71).wav,5,M16,5
5 (72).wav,5,M16,5
5 (73).wav,5,M16,5
5 (74).wav,5,M16,5
5 (75).wav,5,M16,5
5 (76).wav,5,M16,5
5 (77).wav,5,M16,5
5 (78).wav,5,M16,5
5 (79).wav,5,M16,5
5 (80).wav,5,M16,5
5 (81).wav,5,M16,5
5 (82).wav,5,M16,5
5 (83).wav,5,M16,5
5 (84).wav,5,M16,5
5 (85).wav,5,M16,5
5 (86).wav,5,M16,5
5 (87).wav,5,M16,5
5 (88).wav,5,M16,5
5 (89).wav,5,M16,5
5 (90).wav,5,M16,5
5 (91).wav,5,M16,5
5 (92).wav,5,M16,5
5 (93).wav,5,M16,5
5 (94).wav,5,M16,5
5 (95).wav,5,M16,5
5 (96).wav,5,M16,5
5 (97).wav,5,M16,5
5 (98).wav,5,M16,5
5 (99).wav,5,M16,5
5 (100).wav,5,M16,5
6 (1).wav,5,M249,6
6 (2).wav,5,M249,6
6 (3).wav,5,M249,6
6 (4).wav,5,M249,6
6 (5).wav,5,M249,6
6 (6).wav,5,M249,6
6 (7).wav,5,M249,6
6 (8).wav,5,M249,6
6 (9).wav,5,M249,6
6 (10).wav,5,M249,6
6 (11).wav,5,M249,6
6 (12).wav,5,M249,6
6 (13).wav,5,M249,6
6 (14).wav,5,M249,6
6 (15).wav,5,M249,6
6 (16).wav,5,M249,6
6 (17).wav,5,M249,6
6 (18).wav,5,M249,6
6 (19).wav,5,M249,6
6 (20).wav,5,M249,6
6 (21).wav,5,M249,6
6 (22).wav,5,M249,6
6 (23).wav,5,M249,6
6 (24).wav,5,M249,6
6 (25).wav,5,M249,6
6 (26).wav,5,M249,6
6 (27).wav,5,M249,6
6 (28).wav,5,M249,6
6 (29).wav,5,M249,6
6 (30).wav,5,M249,6
6 (31).wav,5,M249,6
6 (32).wav,5,M249,6
6 (33).wav,5,M249,6
6 (34).wav,5,M249,6
6 (35).wav,5,M249,6
6 (36).wav,5,M249,6
6 (37).wav,5,M249,6
6 (38).wav,5,M249,6
6 (39).wav,5,M249,6
6 (40).wav,5,M249,6
6 (41).wav,5,M249,6
6 (42).wav,5,M249,6
6 (43).wav,5,M249,6
6 (44).wav,5,M249,6
6 (45).wav,5,M249,6
6 (46).wav,5,M249,6
6 (47).wav,5,M249,6
6 (48).wav,5,M249,6
6 (49).wav,5,M249,6
6 (50).wav,5,M249,6
6 (51).wav,5,M249,6
6 (52).wav,5,M249,6
6 (53).wav,5,M249,6
6 (54).wav,5,M249,6
6 (55).wav,5,M249,6
6 (56).wav,5,M249,6
6 (57).wav,5,M249,6
6 (58).wav,5,M249,6
6 (59).wav,5,M249,6
6 (60).wav,5,M249,6
6 (61).wav,5,M249,6
6 (62).wav,5,M249,6
6 (63).wav,5,M249,6
6 (64).wav,5,M249,6
6 (65).wav,5,M249,6
6 (66).wav,5,M249,6
6 (67).wav,5,M249,6
6 (68).wav,5,M249,6
6 (69).wav,5,M249,6
6 (70).wav,5,M249,6
6 (71).wav,5,M249,6
6 (72).wav,5,M249,6
6 (73).wav,5,M249,6
6 (74).wav,5,M249,6
6 (75).wav,5,M249,6
6 (76).wav,5,M249,6
6 (77).wav,5,M249,6
6 (78).wav,5,M249,6
6 (79).wav,5,M249,6
6 (80).wav,5,M249,6
6 (81).wav,5,M249,6
6 (82).wav,5,M249,6
6 (83).wav,5,M249,6
6 (84).wav,5,M249,6
6 (85).wav,5,M249,6
6 (86).wav,5,M249,6
6 (87).wav,5,M249,6
6 (88).wav,5,M249,6
6 (89).wav,5,M249,6
6 (90).wav,5,M249,6
6 (91).wav,5,M249,6
6 (92).wav,5,M249,6
6 (93).wav,5,M249,6
6 (94).wav,5,M249,6
6 (95).wav,5,M249,6
6 (96).wav,5,M249,6
6 (97).wav,5,M249,6
6 (98).wav,5,M249,6
6 (99).wav,5,M249,6
7 (1).wav,5,MG-42,7
7 (2).wav,5,MG-42,7
7 (3).wav,5,MG-42,7
7 (4).wav,5,MG-42,7
7 (5).wav,5,MG-42,7
7 (6).wav,5,MG-42,7
7 (7).wav,5,MG-42,7
7 (8).wav,5,MG-42,7
7 (9).wav,5,MG-42,7
7 (10).wav,5,MG-42,7
7 (11).wav,5,MG-42,7
7 (12).wav,5,MG-42,7
7 (13).wav,5,MG-42,7
7 (14).wav,5,MG-42,7
7 (15).wav,5,MG-42,7
7 (16).wav,5,MG-42,7
7 (17).wav,5,MG-42,7
7 (18).wav,5,MG-42,7
7 (19).wav,5,MG-42,7
7 (20).wav,5,MG-42,7
7 (21).wav,5,MG-42,7
7 (22).wav,5,MG-42,7
7 (23).wav,5,MG-42,7
7 (24).wav,5,MG-42,7
7 (25).wav,5,MG-42,7
7 (26).wav,5,MG-42,7
7 (27).wav,5,MG-42,7
7 (28).wav,5,MG-42,7
7 (29).wav,5,MG-42,7
7 (30).wav,5,MG-42,7
7 (31).wav,5,MG-42,7
7 (32).wav,5,MG-42,7
7 (33).wav,5,MG-42,7
7 (34).wav,5,MG-42,7
7 (35).wav,5,MG-42,7
7 (36).wav,5,MG-42,7
7 (37).wav,5,MG-42,7
7 (38).wav,5,MG-42,7
7 (39).wav,5,MG-42,7
7 (40).wav,5,MG-42,7
7 (41).wav,5,MG-42,7
7 (42).wav,5,MG-42,7
7 (43).wav,5,MG-42,7
7 (44).wav,5,MG-42,7
7 (45).wav,5,MG-42,7
7 (46).wav,5,MG-42,7
7 (47).wav,5,MG-42,7
7 (48).wav,5,MG-42,7
7 (49).wav,5,MG-42,7
7 (50).wav,5,MG-42,7
7 (51).wav,5,MG-42,7
7 (52).wav,5,MG-42,7
7 (53).wav,5,MG-42,7
7 (54).wav,5,MG-42,7
7 (55).wav,5,MG-42,7
7 (56).wav,5,MG-42,7
7 (57).wav,5,MG-42,7
7 (58).wav,5,MG-42,7
7 (59).wav,5,MG-42,7
7 (60).wav,5,MG-42,7
7 (61).wav,5,MG-42,7
7 (62).wav,5,MG-42,7
7 (63).wav,5,MG-42,7
7 (64).wav,5,MG-42,7
7 (65).wav,5,MG-42,7
7 (66).wav,5,MG-42,7
7 (67).wav,5,MG-42,7
7 (68).wav,5,MG-42,7
7 (69).wav,5,MG-42,7
7 (70).wav,5,MG-42,7
7 (71).wav,5,MG-42,7
7 (72).wav,5,MG-42,7
7 (73).wav,5,MG-42,7
7 (74).wav,5,MG-42,7
7 (75).wav,5,MG-42,7
7 (76).wav,5,MG-42,7
7 (77).wav,5,MG-42,7
7 (78).wav,5,MG-42,7
7 (79).wav,5,MG-42,7
7 (80).wav,5,MG-42,7
7 (81).wav,5,MG-42,7
7 (82).wav,5,MG-42,7
7 (83).wav,5,MG-42,7
7 (84).wav,5,MG-42,7
7 (85).wav,5,MG-42,7
7 (86).wav,5,MG-42,7
7 (87).wav,5,MG-42,7
7 (88).wav,5,MG-42,7
7 (89).wav,5,MG-42,7
7 (90).wav,5,MG-42,7
7 (91).wav,5,MG-42,7
7 (92).wav,5,MG-42,7
7 (93).wav,5,MG-42,7
7 (94).wav,5,MG-42,7
7 (95).wav,5,MG-42,7
7 (96).wav,5,MG-42,7
7 (97).wav,5,MG-42,7
7 (98).wav,5,MG-42,7
7 (99).wav,5,MG-42,7
7 (100).wav,5,MG-42,7
8 (1).wav,5,MP5,8
8 (2).wav,5,MP5,8
8 (3).wav,5,MP5,8
8 (4).wav,5,MP5,8
8 (5).wav,5,MP5,8
8 (6).wav,5,MP5,8
8 (7).wav,5,MP5,8
8 (8).wav,5,MP5,8
8 (9).wav,5,MP5,8
8 (10).wav,5,MP5,8
8 (11).wav,5,MP5,8
8 (12).wav,5,MP5,8
8 (13).wav,5,MP5,8
8 (14).wav,5,MP5,8
8 (15).wav,5,MP5,8
8 (16).wav,5,MP5,8
8 (17).wav,5,MP5,8
8 (18).wav,5,MP5,8
8 (19).wav,5,MP5,8
8 (20).wav,5,MP5,8
8 (21).wav,5,MP5,8
8 (22).wav,5,MP5,8
8 (23).wav,5,MP5,8
8 (24).wav,5,MP5,8
8 (25).wav,5,MP5,8
8 (26).wav,5,MP5,8
8 (27).wav,5,MP5,8
8 (28).wav,5,MP5,8
8 (29).wav,5,MP5,8
8 (30).wav,5,MP5,8
8 (31).wav,5,MP5,8
8 (32).wav,5,MP5,8
8 (33).wav,5,MP5,8
8 (34).wav,5,MP5,8
8 (35).wav,5,MP5,8
8 (36).wav,5,MP5,8
8 (37).wav,5,MP5,8
8 (38).wav,5,MP5,8
8 (39).wav,5,MP5,8
8 (40).wav,5,MP5,8
8 (41).wav,5,MP5,8
8 (42).wav,5,MP5,8
8 (43).wav,5,MP5,8
8 (44).wav,5,MP5,8
8 (45).wav,5,MP5,8
8 (46).wav,5,MP5,8
8 (47).wav,5,MP5,8
8 (48).wav,5,MP5,8
8 (49).wav,5,MP5,8
8 (50).wav,5,MP5,8
8 (51).wav,5,MP5,8
8 (52).wav,5,MP5,8
8 (53).wav,5,MP5,8
8 (54).wav,5,MP5,8
8 (55).wav,5,MP5,8
8 (56).wav,5,MP5,8
8 (57).wav,5,MP5,8
8 (58).wav,5,MP5,8
8 (59).wav,5,MP5,8
8 (60).wav,5,MP5,8
8 (61).wav,5,MP5,8
8 (62).wav,5,MP5,8
8 (63).wav,5,MP5,8
8 (64).wav,5,MP5,8
8 (65).wav,5,MP5,8
8 (66).wav,5,MP5,8
8 (67).wav,5,MP5,8
8 (68).wav,5,MP5,8
8 (69).wav,5,MP5,8
8 (70).wav,5,MP5,8
8 (71).wav,5,MP5,8
8 (72).wav,5,MP5,8
8 (73).wav,5,MP5,8
8 (74).wav,5,MP5,8
8 (75).wav,5,MP5,8
8 (76).wav,5,MP5,8
8 (77).wav,5,MP5,8
8 (78).wav,5,MP5,8
8 (79).wav,5,MP5,8
8 (80).wav,5,MP5,8
8 (81).wav,5,MP5,8
8 (82).wav,5,MP5,8
8 (83).wav,5,MP5,8
8 (84).wav,5,MP5,8
8 (85).wav,5,MP5,8
8 (86).wav,5,MP5,8
8 (87).wav,5,MP5,8
8 (88).wav,5,MP5,8
8 (89).wav,5,MP5,8
8 (90).wav,5,MP5,8
8 (91).wav,5,MP5,8
8 (92).wav,5,MP5,8
8 (93).wav,5,MP5,8
8 (94).wav,5,MP5,8
8 (95).wav,5,MP5,8
8 (96).wav,5,MP5,8
8 (97).wav,5,MP5,8
8 (98).wav,5,MP5,8
8 (99).wav,5,MP5,8
8 (100).wav,5,MP5,8
9 (1).wav,5,Zastava M92,9
9 (2).wav,5,Zastava M92,9
9 (3).wav,5,Zastava M92,9
9 (4).wav,5,Zastava M92,9
9 (5).wav,5,Zastava M92,9
9 (6).wav,5,Zastava M92,9
9 (7).wav,5,Zastava M92,9
9 (8).wav,5,Zastava M92,9
9 (9).wav,5,Zastava M92,9
9 (10).wav,5,Zastava M92,9
9 (11).wav,5,Zastava M92,9
9 (12).wav,5,Zastava M92,9
9 (13).wav,5,Zastava M92,9
9 (14).wav,5,Zastava M92,9
9 (15).wav,5,Zastava M92,9
9 (16).wav,5,Zastava M92,9
9 (17).wav,5,Zastava M92,9
9 (18).wav,5,Zastava M92,9
9 (19).wav,5,Zastava M92,9
9 (20).wav,5,Zastava M92,9
9 (21).wav,5,Zastava M92,9
9 (22).wav,5,Zastava M92,9
9 (23).wav,5,Zastava M92,9
9 (24).wav,5,Zastava M92,9
9 (25).wav,5,Zastava M92,9
9 (26).wav,5,Zastava M92,9
9 (27).wav,5,Zastava M92,9
9 (28).wav,5,Zastava M92,9
9 (29).wav,5,Zastava M92,9
9 (30).wav,5,Zastava M92,9
9 (31).wav,5,Zastava M92,9
9 (32).wav,5,Zastava M92,9
9 (33).wav,5,Zastava M92,9
9 (34).wav,5,Zastava M92,9
9 (35).wav,5,Zastava M92,9
9 (36).wav,5,Zastava M92,9
9 (37).wav,5,Zastava M92,9
9 (38).wav,5,Zastava M92,9
9 (39).wav,5,Zastava M92,9
9 (40).wav,5,Zastava M92,9
9 (41).wav,5,Zastava M92,9
9 (42).wav,5,Zastava M92,9
9 (43).wav,5,Zastava M92,9
9 (44).wav,5,Zastava M92,9
9 (45).wav,5,Zastava M92,9
9 (46).wav,5,Zastava M92,9
9 (47).wav,5,Zastava M92,9
9 (48).wav,5,Zastava M92,9
9 (49).wav,5,Zastava M92,9
9 (50).wav,5,Zastava M92,9
9 (51).wav,5,Zastava M92,9
9 (52).wav,5,Zastava M92,9
9 (53).wav,5,Zastava M92,9
9 (54).wav,5,Zastava M92,9
9 (55).wav,5,Zastava M92,9
9 (56).wav,5,Zastava M92,9
9 (57).wav,5,Zastava M92,9
9 (58).wav,5,Zastava M92,9
9 (59).wav,5,Zastava M92,9
9 (60).wav,5,Zastava M92,9
9 (61).wav,5,Zastava M92,9
9 (62).wav,5,Zastava M92,9
9 (63).wav,5,Zastava M92,9
9 (64).wav,5,Zastava M92,9
9 (65).wav,5,Zastava M92,9
9 (66).wav,5,Zastava M92,9
9 (67).wav,5,Zastava M92,9
9 (68).wav,5,Zastava M92,9
9 (69).wav,5,Zastava M92,9
9 (70).wav,5,Zastava M92,9
9 (71).wav,5,Zastava M92,9
9 (72).wav,5,Zastava M92,9
9 (73).wav,5,Zastava M92,9
9 (74).wav,5,Zastava M92,9
9 (75).wav,5,Zastava M92,9
9 (76).wav,5,Zastava M92,9
9 (77).wav,5,Zastava M92,9
9 (78).wav,5,Zastava M92,9
9 (79).wav,5,Zastava M92,9
9 (80).wav,5,Zastava M92,9
9 (81).wav,5,Zastava M92,9
9 (82).wav,5,Zastava M92,9
10 (1).wav,5,Glock9,10
10 (2).wav,5,Glock9,10
10 (3).wav,5,Glock9,10
10 (4).wav,5,Glock9,10
10 (5).wav,5,Glock9,10
10 (6).wav,5,Glock9,10
10 (7).wav,5,Glock9,10
10 (8).wav,5,Glock9,10
10 (9).wav,5,Glock9,10
10 (10).wav,5,Glock9,10
10 (11).wav,5,Glock9,10
10 (12).wav,5,Glock9,10
10 (13).wav,5,Glock9,10
10 (14).wav,5,Glock9,10
10 (15).wav,5,Glock9,10
10 (16).wav,5,Glock9,10
10 (17).wav,5,Glock9,10
10 (18).wav,5,Glock9,10
10 (19).wav,5,Glock9,10
10 (20).wav,5,Glock9,10
10 (21).wav,5,Glock9,10
10 (22).wav,5,Glock9,10
10 (23).wav,5,Glock9,10
10 (24).wav,5,Glock9,10
10 (25).wav,5,Glock9,10
10 (26).wav,5,Glock9,10
10 (27).wav,5,Glock9,10
10 (28).wav,5,Glock9,10
10 (29).wav,5,Glock9,10
10 (30).wav,5,Glock9,10
10 (31).wav,5,Glock9,10
10 (32).wav,5,Glock9,10
10 (33).wav,5,Glock9,10
10 (34).wav,5,Glock9,10
10 (35).wav,5,Glock9,10
10 (36).wav,5,Glock9,10
10 (37).wav,5,Glock9,10
10 (38).wav,5,Glock9,10
10 (39).wav,5,Glock9,10
10 (40).wav,5,Glock9,10
10 (41).wav,5,Glock9,10
10 (42).wav,5,Glock9,10
10 (43).wav,5,Glock9,10
10 (44).wav,5,Glock9,10
10 (45).wav,5,Glock9,10
10 (46).wav,5,Glock9,10
10 (47).wav,5,Glock9,10
10 (48).wav,5,Glock9,10
10 (49).wav,5,Glock9,10
10 (50).wav,5,Glock9,10
10 (51).wav,5,Glock9,10
10 (52).wav,5,Glock9,10
10 (53).wav,5,Glock9,10
10 (54).wav,5,Glock9,10
10 (55).wav,5,Glock9,10
10 (56).wav,5,Glock9,10
10 (57).wav,5,Glock9,10
10 (58).wav,5,Glock9,10
10 (59).wav,5,Glock9,10
10 (60).wav,5,Glock9,10
10 (61).wav,5,Glock9,10
10 (62).wav,5,Glock9,10
10 (63).wav,5,Glock9,10
10 (64).wav,5,Glock9,10
10 (65).wav,5,Glock9,10
10 (66).wav,5,Glock9,10
10 (67).wav,5,Glock9,10
10 (68).wav,5,Glock9,10
10 (69).wav,5,Glock9,10
10 (70).wav,5,Glock9,10
10 (71).wav,5,Glock9,10
10 (72).wav,5,Glock9,10
10 (73).wav,5,Glock9,10
10 (74).wav,5,Glock9,10
10 (75).wav,5,Glock9,10
10 (76).wav,5,Glock9,10
10 (77).wav,5,Glock9,10
10 (78).wav,5,Glock9,10
10 (79).wav,5,Glock9,10
10 (80).wav,5,Glock9,10
10 (81).wav,5,Glock9,10
10 (82).wav,5,Glock9,10
10 (83).wav,5,Glock9,10
10 (84).wav,5,Glock9,10
10 (85).wav,5,Glock9,10
10 (86).wav,5,Glock9,10
10 (87).wav,5,Glock9,10
10 (88).wav,5,Glock9,10
10 (89).wav,5,Glock9,10
10 (90).wav,5,Glock9,10
10 (91).wav,5,Glock9,10
10 (92).wav,5,Glock9,10
10 (93).wav,5,Glock9,10
10 (94).wav,5,Glock9,10
10 (95).wav,5,Glock9,10
10 (96).wav,5,Glock9,10
10 (97).wav,5,Glock9,10
10 (98).wav,5,Glock9,10
10 (99).wav,5,Glock9,10
10 (100).wav,5,Glock9,10
10 (101).wav,5,Glock9,10
10 (102).wav,5,Glock9,10
10 (103).wav,5,Glock9,10
10 (104).wav,5,Glock9,10
10 (105).wav,5,Glock9,10
10 (106).wav,5,Glock9,10
10 (107).wav,5,Glock9,10
10 (108).wav,5,Glock9,10
10 (109).wav,5,Glock9,10
10 (110).wav,5,Glock9,10
10 (111).wav,5,Glock9,10
10 (112).wav,5,Glock9,10
11 (1).wav,5,Ruger 10/22,11
11 (2).wav,5,Ruger 10/22,11
11 (3).wav,5,Ruger 10/22,11
11 (4).wav,5,Ruger 10/22,11
11 (5).wav,5,Ruger 10/22,11
11 (6).wav,5,Ruger 10/22,11
11 (7).wav,5,Ruger 10/22,11
11 (8).wav,5,Ruger 10/22,11
11 (9).wav,5,Ruger 10/22,11
11 (10).wav,5,Ruger 10/22,11
11 (11).wav,5,Ruger 10/22,11
11 (12).wav,5,Ruger 10/22,11
11 (13).wav,5,Ruger 10/22,11
11 (14).wav,5,Ruger 10/22,11
11 (15).wav,5,Ruger 10/22,11
11 (16).wav,5,Ruger 10/22,11
11 (17).wav,5,Ruger 10/22,11
11 (18).wav,5,Ruger 10/22,11
11 (19).wav,5,Ruger 10/22,11
11 (20).wav,5,Ruger 10/22,11
11 (21).wav,5,Ruger 10/22,11
11 (22).wav,5,Ruger 10/22,11
11 (23).wav,5,Ruger 10/22,11
11 (24).wav,5,Ruger 10/22,11
11 (25).wav,5,Ruger 10/22,11
11 (26).wav,5,Ruger 10/22,11
11 (27).wav,5,Ruger 10/22,11
11 (28).wav,5,Ruger 10/22,11
11 (29).wav,5,Ruger 10/22,11
11 (30).wav,5,Ruger 10/22,11
11 (31).wav,5,Ruger 10/22,11
11 (32).wav,5,Ruger 10/22,11
11 (33).wav,5,Ruger 10/22,11
11 (34).wav,5,Ruger 10/22,11
11 (35).wav,5,Ruger 10/22,11
11 (36).wav,5,Ruger 10/22,11
11 (37).wav,5,Ruger 10/22,11
11 (38).wav,5,Ruger 10/22,11
11 (39).wav,5,Ruger 10/22,11
11 (40).wav,5,Ruger 10/22,11
11 (41).wav,5,Ruger 10/22,11
11 (42).wav,5,Ruger 10/22,11
11 (43).wav,5,Ruger 10/22,11
11 (44).wav,5,Ruger 10/22,11
11 (45).wav,5,Ruger 10/22,11
11 (46).wav,5,Ruger 10/22,11
11 (47).wav,5,Ruger 10/22,11
11 (48).wav,5,Ruger 10/22,11
11 (49).wav,5,Ruger 10/22,11
11 (50).wav,5,Ruger 10/22,11
11 (51).wav,5,Ruger 10/22,11
11 (52).wav,5,Ruger 10/22,11
11 (53).wav,5,Ruger 10/22,11
11 (54).wav,5,Ruger 10/22,11
11 (55).wav,5,Ruger 10/22,11
11 (56).wav,5,Ruger 10/22,11
11 (57).wav,5,Ruger 10/22,11
11 (58).wav,5,Ruger 10/22,11
11 (59).wav,5,Ruger 10/22,11
11 (60).wav,5,Ruger 10/22,11
11 (61).wav,5,Ruger 10/22,11
11 (62).wav,5,Ruger 10/22,11
11 (63).wav,5,Ruger 10/22,11
11 (64).wav,5,Ruger 10/22,11
11 (65).wav,5,Ruger 10/22,11
11 (66).wav,5,Ruger 10/22,11
11 (67).wav,5,Ruger 10/22,11
11 (68).wav,5,Ruger 10/22,11
11 (69).wav,5,Ruger 10/22,11
11 (70).wav,5,Ruger 10/22,11
11 (71).wav,5,Ruger 10/22,11
11 (72).wav,5,Ruger 10/22,11
11 (73).wav,5,Ruger 10/22,11
11 (74).wav,5,Ruger 10/22,11
11 (75).wav,5,Ruger 10/22,11
11 (76).wav,5,Ruger 10/22,11
11 (77).wav,5,Ruger 10/22,11
11 (78).wav,5,Ruger 10/22,11
11 (79).wav,5,Ruger 10/22,11
11 (80).wav,5,Ruger 10/22,11
11 (81).wav,5,Ruger 10/22,11
11 (82).wav,5,Ruger 10/22,11
11 (83).wav,5,Ruger 10/22,11
11 (84).wav,5,Ruger 10/22,11
11 (85).wav,5,Ruger 10/22,11
11 (86).wav,5,Ruger 10/22,11
11 (87).wav,5,Ruger 10/22,11
11 (88).wav,5,Ruger 10/22,11
11 (89).wav,5,Ruger 10/22,11
11 (90).wav,5,Ruger 10/22,11
11 (91).wav,5,Ruger 10/22,11
11 (92).wav,5,Ruger 10/22,11
11 (93).wav,5,Ruger 10/22,11
11 (94).wav,5,Ruger 10/22,11
11 (95).wav,5,Ruger 10/22,11
11 (96).wav,5,Ruger 10/22,11
11 (97).wav,5,Ruger 10/22,11
11 (98).wav,5,Ruger 10/22,11
11 (99).wav,5,Ruger 10/22,11
11 (100).wav,5,Ruger 10/22,11
11 (101).wav,5,Ruger 10/22,11
11 (102).wav,5,Ruger 10/22,11
12 (1).wav,5,Ruger Blackhawk,12
12 (2).wav,5,Ruger Blackhawk,12
12 (3).wav,5,Ruger Blackhawk,12
12 (4).wav,5,Ruger Blackhawk,12
12 (5).wav,5,Ruger Blackhawk,12
12 (6).wav,5,Ruger Blackhawk,12
12 (7).wav,5,Ruger Blackhawk,12
12 (8).wav,5,Ruger Blackhawk,12
12 (9).wav,5,Ruger Blackhawk,12
12 (10).wav,5,Ruger Blackhawk,12
12 (11).wav,5,Ruger Blackhawk,12
12 (12).wav,5,Ruger Blackhawk,12
12 (13).wav,5,Ruger Blackhawk,12
12 (14).wav,5,Ruger Blackhawk,12
12 (15).wav,5,Ruger Blackhawk,12
12 (16).wav,5,Ruger Blackhawk,12
12 (17).wav,5,Ruger Blackhawk,12
12 (18).wav,5,Ruger Blackhawk,12
12 (19).wav,5,Ruger Blackhawk,12
12 (20).wav,5,Ruger Blackhawk,12
12 (21).wav,5,Ruger Blackhawk,12
12 (22).wav,5,Ruger Blackhawk,12
12 (23).wav,5,Ruger Blackhawk,12
12 (24).wav,5,Ruger Blackhawk,12
12 (25).wav,5,Ruger Blackhawk,12
12 (26).wav,5,Ruger Blackhawk,12
12 (27).wav,5,Ruger Blackhawk,12
12 (28).wav,5,Ruger Blackhawk,12
12 (29).wav,5,Ruger Blackhawk,12
12 (30).wav,5,Ruger Blackhawk,12
12 (31).wav,5,Ruger Blackhawk,12
12 (32).wav,5,Ruger Blackhawk,12
12 (33).wav,5,Ruger Blackhawk,12
12 (34).wav,5,Ruger Blackhawk,12
12 (35).wav,5,Ruger Blackhawk,12
12 (36).wav,5,Ruger Blackhawk,12
12 (37).wav,5,Ruger Blackhawk,12
12 (38).wav,5,Ruger Blackhawk,12
12 (39).wav,5,Ruger Blackhawk,12
12 (40).wav,5,Ruger Blackhawk,12
12 (41).wav,5,Ruger Blackhawk,12
12 (42).wav,5,Ruger Blackhawk,12
12 (43).wav,5,Ruger Blackhawk,12
12 (44).wav,5,Ruger Blackhawk,12
12 (45).wav,5,Ruger Blackhawk,12
12 (46).wav,5,Ruger Blackhawk,12
12 (47).wav,5,Ruger Blackhawk,12
12 (48).wav,5,Ruger Blackhawk,12
12 (49).wav,5,Ruger Blackhawk,12
12 (50).wav,5,Ruger Blackhawk,12
12 (51).wav,5,Ruger Blackhawk,12
12 (52).wav,5,Ruger Blackhawk,12
12 (53).wav,5,Ruger Blackhawk,12
12 (54).wav,5,Ruger Blackhawk,12
12 (55).wav,5,Ruger Blackhawk,12
12 (56).wav,5,Ruger Blackhawk,12
12 (57).wav,5,Ruger Blackhawk,12
12 (58).wav,5,Ruger Blackhawk,12
12 (59).wav,5,Ruger Blackhawk,12
12 (60).wav,5,Ruger Blackhawk,12
12 (61).wav,5,Ruger Blackhawk,12
12 (62).wav,5,Ruger Blackhawk,12
12 (63).wav,5,Ruger Blackhawk,12
12 (64).wav,5,Ruger Blackhawk,12
12 (65).wav,5,Ruger Blackhawk,12
12 (66).wav,5,Ruger Blackhawk,12
12 (67).wav,5,Ruger Blackhawk,12
12 (68).wav,5,Ruger Blackhawk,12
12 (69).wav,5,Ruger Blackhawk,12
12 (70).wav,5,Ruger Blackhawk,12
12 (71).wav,5,Ruger Blackhawk,12
12 (72).wav,5,Ruger Blackhawk,12
12 (73).wav,5,Ruger Blackhawk,12
12 (74).wav,5,Ruger Blackhawk,12
12 (75).wav,5,Ruger Blackhawk,12
12 (76).wav,5,Ruger Blackhawk,12
12 (77).wav,5,Ruger Blackhawk,12
12 (78).wav,5,Ruger Blackhawk,12
12 (79).wav,5,Ruger Blackhawk,12
12 (80).wav,5,Ruger Blackhawk,12
12 (81).wav,5,Ruger Blackhawk,12
12 (82).wav,5,Ruger Blackhawk,12
12 (83).wav,5,Ruger Blackhawk,12
12 (84).wav,5,Ruger Blackhawk,12
12 (85).wav,5,Ruger Blackhawk,12
12 (86).wav,5,Ruger Blackhawk,12
12 (87).wav,5,Ruger Blackhawk,12
12 (88).wav,5,Ruger Blackhawk,12
12 (89).wav,5,Ruger Blackhawk,12
12 (90).wav,5,Ruger Blackhawk,12
12 (91).wav,5,Ruger Blackhawk,12
12 (92).wav,5,Ruger Blackhawk,12
12 (93).wav,5,Ruger Blackhawk,12
12 (94).wav,5,Ruger Blackhawk,12
12 (95).wav,5,Ruger Blackhawk,12
12 (96).wav,5,Ruger Blackhawk,12
12 (97).wav,5,Ruger Blackhawk,12
12 (98).wav,5,Ruger Blackhawk,12
12 (99).wav,5,Ruger Blackhawk,12
12 (100).wav,5,Ruger Blackhawk,12
12 (101).wav,5,Ruger Blackhawk,12
12 (102).wav,5,Ruger Blackhawk,12
12 (103).wav,5,Ruger Blackhawk,12
12 (104).wav,5,Ruger Blackhawk,12
12 (105).wav,5,Ruger Blackhawk,12
12 (106).wav,5,Ruger Blackhawk,12
12 (107).wav,5,Ruger Blackhawk,12
12 (108).wav,5,Ruger Blackhawk,12
12 (109).wav,5,Ruger Blackhawk,12
